TC No.,System Name,Module / Feature,BRD Reference,Pre-Requisites,Test Scenario / Objective,Test Type,Steps Description,Expected Result,Post Conditions,Data Required (if applicable)
"---","---","---","---","---","--- SECTION: INSURE UI TEST CASES ---","---","---","---","---","---"
INSURE-UI-001,Insure UI,Product Selection,BRD-6.1,User is logged into Insure UI with valid sales credentials.,Verify that 'Canara HSBC Secure Future Plan' is available for selection in the product dropdown.,UI,"1. Navigate to the New Business journey.
2. Click on the 'Select Product' dropdown.",The product 'Canara HSBC Secure Future Plan' or its code 'SFP01' should be listed and selectable.,None,User ID: sales_user01
INSURE-UI-002,Insure UI,Entry Age Validation,BRD-1.1,Product 'SFP01' is selected.,Verify minimum entry age validation on the Proposer Details screen.,Negative,"1. Navigate to the proposer details section.
2. Enter Date of Birth that calculates age as 17.",An inline error message 'Entry age must be between 18 and 60 years' should be displayed. The user should not be able to proceed.,None,DOB: (Current Date - 17 years)
INSURE-UI-003,Insure UI,Entry Age Validation,BRD-1.1,Product 'SFP01' is selected.,Verify maximum entry age validation on the Proposer Details screen.,Negative,"1. Navigate to the proposer details section.
2. Enter Date of Birth that calculates age as 61.",An inline error message 'Entry age must be between 18 and 60 years' should be displayed. The user should not be able to proceed.,None,DOB: (Current Date - 61 years)
INSURE-UI-004,Insure UI,Entry Age Validation,BRD-1.1,Product 'SFP01' is selected.,Verify boundary value for minimum entry age.,Boundary,"1. Navigate to the proposer details section.
2. Enter Date of Birth that calculates age as 18.",The system should accept the age and allow the user to proceed to the next field.,None,DOB: (Current Date - 18 years)
INSURE-UI-005,Insure UI,Entry Age Validation,BRD-1.1,Product 'SFP01' is selected.,Verify boundary value for maximum entry age.,Boundary,"1. Navigate to the proposer details section.
2. Enter Date of Birth that calculates age as 60.",The system should accept the age and allow the user to proceed to the next field.,None,DOB: (Current Date - 60 years)
INSURE-UI-006,Insure UI,Policy Term (PT) Dropdown,BRD-2.1,Product 'SFP01' is selected.,Verify that the Policy Term dropdown only contains the allowed values.,UI,"1. Navigate to the Plan Details section.
2. Click on the 'Policy Term' dropdown.",The dropdown should only contain the values: 10, 15, 20.,None,
INSURE-UI-007,Insure UI,PPT Dropdown Logic,BRD-2.2,Product 'SFP01' is selected.,Verify that the Premium Payment Term (PPT) dropdown shows correct values when PT is 10.,Functional,"1. Navigate to the Plan Details section.
2. Select Policy Term (PT) as '10'.
3. Observe the 'Premium Payment Term' (PPT) dropdown.",The PPT dropdown should be enabled and contain only the values: 5, 10.,None,PT=10
INSURE-UI-008,Insure UI,PPT Dropdown Logic,BRD-2.2,Product 'SFP01' is selected.,Verify that the Premium Payment Term (PPT) dropdown shows correct values when PT is 15.,Functional,"1. Navigate to the Plan Details section.
2. Select Policy Term (PT) as '15'.
3. Observe the 'Premium Payment Term' (PPT) dropdown.",The PPT dropdown should be enabled and contain only the values: 7, 15.,None,PT=15
INSURE-UI-009,Insure UI,PPT Dropdown Logic,BRD-2.2,Product 'SFP01' is selected.,Verify that the Premium Payment Term (PPT) dropdown shows correct values when PT is 20.,Functional,"1. Navigate to the Plan Details section.
2. Select Policy Term (PT) as '20'.
3. Observe the 'Premium Payment Term' (PPT) dropdown.",The PPT dropdown should be enabled and contain only the values: 10, 20.,None,PT=20
INSURE-UI-010,Insure UI,Maturity Age Validation,BRD-1.2,Product 'SFP01' is selected.,Verify that the combination of Entry Age and Policy Term does not exceed the max maturity age.,Negative,"1. Enter Entry Age as 60.
2. Select Policy Term as 20. (Maturity Age would be 80).",An error message 'Maturity Age cannot exceed 75 years. Please select a lower Policy Term.' should be displayed.,None,"Age=60, PT=20"
INSURE-UI-011,Insure UI,Maturity Age Validation,BRD-1.2,Product 'SFP01' is selected.,Verify a valid combination of Entry Age and Policy Term.,Positive,"1. Enter Entry Age as 60.
2. Select Policy Term as 15. (Maturity Age is 75).",The system should accept the combination and allow the user to proceed.,None,"Age=60, PT=15"
INSURE-UI-012,Insure UI,Sum Assured Validation,BRD-3.1,Product 'SFP01' is selected.,Verify minimum Sum Assured validation.,Negative,"1. Navigate to the Plan Details section.
2. Enter Sum Assured as '199999'.",An inline error message 'Minimum Sum Assured is ₹2,00,000' should be displayed.,None,SA=199999
INSURE-UI-013,Insure UI,Sum Assured Validation,BRD-3.1,Product 'SFP01' is selected.,Verify boundary value for minimum Sum Assured.,Boundary,"1. Navigate to the Plan Details section.
2. Enter Sum Assured as '200000'.",The system should accept the value.,None,SA=200000
INSURE-UI-014,Insure UI,Staff Discount Checkbox,BRD-4.3,Product 'SFP01' is selected.,Verify the presence and functionality of the 'Staff' checkbox.,UI,"1. Navigate to the Proposer Details section.
2. Look for a checkbox labeled 'Staff Employee' or similar.
3. Check and uncheck the box.",The checkbox should be present. Checking it should trigger a premium recalculation (or a flag for recalculation).,None,
"---","---","---","---","---","--- SECTION: NVEST (PREMIUM CALCULATION) TEST CASES ---","---","---","---","---","---"
NVEST-FUNC-001,nVEST,Premium Calculation,BRD-4.1,A valid set of parameters is ready.,Verify the base premium calculation for a standard case.,Functional,"1. Construct an API request for nVEST with standard parameters (e.g., Age 35, Male, Non-Smoker, PT 20, PPT 10, SA 10,00,000).
2. Send the request to the nVEST engine.
3. Compare the 'annualizedPremium' in the response with the pre-calculated value from the rate sheet.",The calculated premium in the API response should match the expected value from the rate sheet within an acceptable tolerance (e.g., +/- ₹1).,None,"Age: 35, Gender: Male, SA: 10L, PT: 20, PPT: 10"
NVEST-FUNC-002,nVEST,Modal Premium - Half-Yearly,BRD-4.2,Base annualized premium is known.,Verify the half-yearly modal premium calculation.,Data,"1. Use the same parameters as NVEST-FUNC-001 but set 'premiumMode' to 'Half-Yearly'.
2. Send the request to nVEST.
3. Note the 'annualizedPremium' and 'modalPremium' from the response.",The 'modalPremium' should be equal to ('annualizedPremium' * 1.02) / 2.,None,"Mode: Half-Yearly"
NVEST-FUNC-003,nVEST,Modal Premium - Quarterly,BRD-4.2,Base annualized premium is known.,Verify the quarterly modal premium calculation.,Data,"1. Use the same parameters as NVEST-FUNC-001 but set 'premiumMode' to 'Quarterly'.
2. Send the request to nVEST.
3. Note the 'annualizedPremium' and 'modalPremium' from the response.",The 'modalPremium' should be equal to ('annualizedPremium' * 1.03) / 4.,None,"Mode: Quarterly"
NVEST-FUNC-004,nVEST,Modal Premium - Monthly,BRD-4.2,Base annualized premium is known.,Verify the monthly modal premium calculation.,Data,"1. Use the same parameters as NVEST-FUNC-001 but set 'premiumMode' to 'Monthly'.
2. Send the request to nVEST.
3. Note the 'annualizedPremium' and 'modalPremium' from the response.",The 'modalPremium' should be equal to ('annualizedPremium' * 1.04) / 12.,None,"Mode: Monthly"
NVEST-FUNC-005,nVEST,Staff Discount Calculation,BRD-4.3,Base annualized premium is known.,Verify the application of staff discount.,Data,"1. Use the same parameters as NVEST-FUNC-001 but set the 'isStaff' flag to 'true'.
2. Send the request to nVEST.
3. Observe the premium components in the response.",The response should contain a 'firstYearPremium' value that is 95% of the 'annualizedPremium'. The 'renewalPremium' should be equal to the 'annualizedPremium'.,None,"isStaff: true"
NVEST-FUNC-006,nVEST,Staff Discount Calculation,BRD-4.3,Base annualized premium is known.,Verify that staff discount is NOT applied when the flag is false.,Data,"1. Use the same parameters as NVEST-FUNC-001 but set the 'isStaff' flag to 'false'.
2. Send the request to nVEST.
3. Observe the premium components in the response.",The 'firstYearPremium' and 'renewalPremium' should both be equal to the 'annualizedPremium'.,None,"isStaff: false"
NVEST-NEG-001,nVEST,Minimum Annualized Premium,BRD-3.3,nVEST API endpoint is available.,Verify system behavior when calculated annualized premium is below the minimum threshold.,Negative,"1. Construct an API request with parameters that would result in a premium less than ₹24,000 (e.g., low age, low SA).
2. Send the request to nVEST.",The API response should contain an error code/message indicating 'Calculated premium is below the minimum allowed premium of ₹24,000'.,None,"Age: 18, SA: 2,00,000, PT: 10, PPT: 10"
"---","---","---","---","---","--- SECTION: UNDERWRITING (UW) SYSTEM TEST CASES ---","---","---","---","---","---"
UW-FUNC-001,UW System,STP Rule Engine,BRD-5.1,A case is submitted from Unified.,Verify a case that meets all STP criteria is auto-approved.,Functional,"1. Create and submit a proposal with STP-compliant data (Age=30, SA=20L, No health issues, BMI=22).
2. Check the case status in the UW System database or UI.
3. Check the audit trail for the case.",The case status should be 'Approved' or 'Auto-Approved'. The audit trail should show the decision was made by 'System' or 'STP Rule Engine'.,Case status updated to Approved.,Age=30, SA=20L, BMI=22, Clean health declaration
UW-FUNC-002,UW System,Manual Routing - Age,BRD-5.2,A case is submitted from Unified.,Verify a case is routed for manual underwriting due to high age.,Functional,"1. Create and submit a proposal with Age > 45 (e.g., 46) and other parameters as per STP.
2. Check the case status and assignment in the UW System.",The case status should be 'Pending Decision' or 'In Underwriting Queue'. The case should be assigned to a manual underwriter's work queue.,Case assigned to an underwriter.,Age=46, SA=20L, BMI=22
UW-FUNC-003,UW System,Manual Routing - SA,BRD-5.2,A case is submitted from Unified.,Verify a case is routed for manual underwriting due to high Sum Assured.,Functional,"1. Create and submit a proposal with SA > 25L (e.g., 26L) and other parameters as per STP.
2. Check the case status and assignment in the UW System.",The case status should be 'Pending Decision' or 'In Underwriting Queue'. The case should be assigned to a manual underwriter's work queue.,Case assigned to an underwriter.,Age=30, SA=26L, BMI=22
UW-FUNC-004,UW System,Manual Routing - BMI,BRD-5.2,A case is submitted from Unified.,Verify a case is routed for manual underwriting due to high BMI.,Functional,"1. Create and submit a proposal with BMI > 25 (e.g., 26) and other parameters as per STP.
2. Check the case status and assignment in the UW System.",The case status should be 'Pending Decision' or 'In Underwriting Queue'. The case should be assigned to a manual underwriter's work queue.,Case assigned to an underwriter.,Age=30, SA=20L, BMI=26
UW-FUNC-005,UW System,Manual Routing - Health,BRD-5.2,A case is submitted from Unified.,Verify a case is routed for manual underwriting due to adverse health declaration.,Functional,"1. Create and submit a proposal with one 'Yes' in the health declaration section and other parameters as per STP.
2. Check the case status and assignment in the UW System.",The case status should be 'Pending Decision' or 'In Underwriting Queue'. The case should be assigned to a manual underwriter's work queue.,Case assigned to an underwriter.,Age=30, SA=20L, Health Decl: 'Yes' to smoking
UW-FUNC-006,UW System,Medical Trigger Rule 1,BRD-5.3,A case is submitted to UW.,Verify medical requirement is triggered for Age > 45 and SA > 15L.,Data,"1. Submit a proposal with Age=50 and SA=16,00,000.
2. Check the requirements tab/section for this case in the UW System.",A 'Standard Medical Examination' requirement should be automatically added to the case. The case status should be 'Awaiting Medicals' or similar.,Medical requirement raised.,Age=50, SA=16L
UW-FUNC-007,UW System,Medical Trigger Rule 2,BRD-5.3,A case is submitted to UW.,Verify medical requirement is triggered for Age <= 45 and SA > 50L.,Data,"1. Submit a proposal with Age=40 and SA=51,00,000.
2. Check the requirements tab/section for this case in the UW System.",A 'Standard Medical Examination' requirement should be automatically added to the case. The case status should be 'Awaiting Medicals' or similar.,Medical requirement raised.,Age=40, SA=51L
UW-FUNC-008,UW System,Medical Trigger - Boundary,BRD-5.3,A case is submitted to UW.,Verify medicals are NOT triggered just below the threshold.,Boundary,"1. Submit a proposal with Age=45 and SA=50,00,000.
2. Check the requirements tab/section for this case in the UW System.",No medical requirements should be automatically added. The case should be in the manual underwriting queue based on BRD-5.2 (SA > 25L).,Case in manual queue.,Age=45, SA=50L
"---","---","---","---","---","--- SECTION: END-TO-END (E2E) SCENARIOS ---","---","---","---","---","---"
E2E-001,All Systems,New Business - STP Journey,BRD-5.1; BRD-6.0,All systems are up and running.,Verify the complete end-to-end flow for a Straight Through Processed (STP) case.,Integration,"1. In Insure UI, create a proposal with STP data (Age=30, SA=10L, BMI=21, no adverse health).
2. Get a quote from nVEST (via Insure UI).
3. Submit the proposal.
4. Verify the case is created in the UW System.
5. Verify the case is auto-approved in UW System within the defined SLA (e.g., 5 mins).
6. Verify Unified sends the approval message to Ingenium.
7. Verify a new policy is created in Ingenium and a policy number is generated.
8. Verify customer and policy details are visible in CRM.",1. Quote is generated successfully.
2. Proposal is submitted without errors.
3. UW case status becomes 'Approved'.
4. A policy number is generated in Ingenium.
5. Customer record is created/updated in CRM with the new policy.,Policy created in Ingenium. Customer data synced to CRM.,Age=30, SA=10L, BMI=21
E2E-002,All Systems,New Business - Manual UW Journey,BRD-5.2; BRD-6.0,All systems are up and running.,Verify the end-to-end flow for a case requiring manual underwriting and approval.,Integration,"1. In Insure UI, create a proposal with non-STP data (e.g., Age=50, SA=10L).
2. Submit the proposal.
3. Verify the case is created in the UW System with status 'Pending Decision'.
4. As an underwriter, log in to the UW System, open the case, and 'Approve' it.
5. Verify Unified sends the approval message to Ingenium.
6. Verify a new policy is created in Ingenium.
7. Verify customer and policy details are visible in CRM.",1. Case appears in the underwriter's queue.
2. After manual approval, the case status changes to 'Approved'.
3. A policy number is generated in Ingenium.
4. Customer record is created/updated in CRM.,Policy created in Ingenium.,Age=50, SA=10L
E2E-003,All Systems,New Business - UW Rejection,BRD-6.6,All systems are up and running.,Verify the end-to-end flow for a case rejected by the underwriter.,Integration,"1. In Insure UI, create a proposal with non-STP data (e.g., BMI=35).
2. Submit the proposal.
3. Verify the case is created in the UW System with status 'Pending Decision'.
4. As an underwriter, log in to the UW System, open the case, and 'Reject' it with a reason.
5. Verify the case status in the UW system is 'Rejected'.
6. Verify that NO policy creation request is sent to Ingenium.
7. Check the Ingenium database to confirm no policy is created for this application number.",1. Case appears in the underwriter's queue.
2. After manual rejection, the case status changes to 'Rejected'.
3. No policy is created in Ingenium. The application status should be updated in the source system (Insure UI).,Case status is 'Rejected'. No policy in Ingenium.,BMI=35
E2E-004,All Systems,Integration - Insure UI to Unified,BRD-6.3,Insure UI is open.,Verify that on proposal submission, all data points are correctly passed from Insure UI to Unified middleware.,Integration,"1. In Insure UI, fill out a complete proposal form with known values for all key fields (Name, DOB, Address, SA, PT, PPT, Nominee, Health Answers).
2. Submit the proposal.
3. Check the request payload received by the Unified system's endpoint (via logs or a mock service).",The XML/JSON payload received by Unified must contain all the data points entered in the Insure UI, with correct field names and values.,Application data logged in Unified.,Full proposal data set.
E2E-005,All Systems,Integration - UW to Ingenium,BRD-6.7,A case is approved in the UW system.,Verify that on final approval, Unified correctly transforms and sends data to Ingenium for policy creation.,Integration,"1. Approve a case in the UW system.
2. Check the logs for the message sent from Unified to Ingenium's policy creation API/service.
3. Verify the payload contains all necessary data for policy creation (e.g., Proposer ID, Plan Code, SA, Premium, Term, Start Date).",The request payload sent to Ingenium should be in the correct format and contain accurate data corresponding to the approved application.,Policy creation request sent to Ingenium.,Approved Application Number.